"test","item","text","n","midpoint_count","inapplicable_count"
"mbti","1","I make lists / I just put stuff wherever","100","0","0"
"mbti","2","I am skeptical / I want to believe","100","0","0"
"mbti","3","I get bored when I'm alone / I need time alone","100","100","100"
"mbti","4","I accept things as they are / I'm unsatisfied with the way things are","100","31","0"
"mbti","5","I keep my room clean / I just put stuff wherever","100","0","0"
"mbti","6","I think ""robotic"" is an insult / I strive to have a mechanical mind","100","2","0"
"mbti","7","I'm energetic / I'm mellow","100","0","0"
"mbti","8","I prefer multiple choice tests / I prefer essay answers","100","0","0"
"mbti","9","I'm chaotic / I'm organized","100","0","0"
"mbti","10","I'm easily hurt / I'm thick-skinned","100","0","0"
"mbti","11","I work best in groups / I work best alone","100","20","0"
"mbti","12","I focus on the present / I focus on the future","100","17","0"
"mbti","13","I plan far ahead / I plan at the last minute","100","0","0"
"mbti","14","I want people's respect / I want their love","100","0","0"
"mbti","15","Parties wear me out / Parties fire me up","100","100","100"
"mbti","16","I try to fit in / I try to stand out","100","0","0"
"mbti","17","I keep my options open / I commit","100","29","0"
"mbti","18","I want to be good at fixing things / I want to be good at fixing people","100","0","0"
"mbti","19","I talk more than I listen / I listen more than I talk","100","24","0"
"mbti","20","When describing an event, I tell what happened / I tell what it meant","100","47","0"
"mbti","21","I get work done right away / I procrastinate","100","0","0"
"mbti","22","I follow my heart / I follow my head","100","0","0"
"mbti","23","I stay at home / I go out on the town","100","100","100"
"mbti","24","I want the big picture / I want the details","100","17","0"
"mbti","25","I improvise / I prepare","100","0","0"
"mbti","26","I base morality on justice / I base morality on compassion","100","100","0"
"mbti","27","It's hard for me to yell loudly / Yelling comes naturally to me","100","25","25"
"mbti","28","I'm theoretical / I'm empirical","100","20","0"
"mbti","29","I work hard / I play hard","100","0","0"
"mbti","30","I'm uncomfortable with emotions / I value emotions","100","0","0"
"mbti","31","I like to perform in front of people / I avoid public speaking","100","92","90"
"mbti","32","I like to know ""who, what, when"" / I like to know ""why""","100","0","0"
"big-five","1","Am the life of the party.","100","88","88"
"big-five","2","Feel little concern for others.","100","0","0"
"big-five","3","Am always prepared.","100","3","0"
"big-five","4","Get stressed out easily.","100","0","0"
"big-five","5","Have a rich vocabulary.","100","0","0"
"big-five","6","Don't talk a lot.","100","0","0"
"big-five","7","Am interested in people.","100","0","0"
"big-five","8","Leave my belongings around.","100","0","0"
"big-five","9","Am relaxed most of the time.","100","0","0"
"big-five","10","Have difficulty understanding abstract ideas.","100","0","0"
"big-five","11","Feel comfortable around people.","100","0","0"
"big-five","12","Insult people.","100","0","0"
"big-five","13","Pay attention to details.","100","0","0"
"big-five","14","Worry about things.","100","23","0"
"big-five","15","Have a vivid imagination.","100","0","0"
"big-five","16","Keep in the background.","100","1","0"
"big-five","17","Sympathize with others' feelings.","100","0","0"
"big-five","18","Make a mess of things.","100","0","0"
"big-five","19","Seldom feel blue.","100","76","76"
"big-five","20","Am not interested in abstract ideas.","100","0","0"
"big-five","21","Start conversations.","100","0","0"
"big-five","22","Am not interested in other people's problems.","100","0","0"
"big-five","23","Get chores done right away.","100","0","0"
"big-five","24","Am easily disturbed.","100","0","0"
"big-five","25","Have excellent ideas.","100","0","0"
"big-five","26","Have little to say.","100","0","0"
"big-five","27","Have a soft heart.","100","0","0"
"big-five","28","Often forget to put things back in their proper place.","100","0","0"
"big-five","29","Get upset easily.","100","0","0"
"big-five","30","Do not have a good imagination.","100","0","0"
"big-five","31","Talk to a lot of different people at parties.","100","100","100"
"big-five","32","Am not really interested in others.","100","0","0"
"big-five","33","Like order.","100","0","0"
"big-five","34","Change my mood a lot.","100","70","70"
"big-five","35","Am quick to understand things.","100","0","0"
"big-five","36","Don't like to draw attention to myself.","100","0","0"
"big-five","37","Take time out for others.","100","0","0"
"big-five","38","Shirk my duties.","100","0","0"
"big-five","39","Have frequent mood swings.","100","70","70"
"big-five","40","Use difficult words.","100","84","0"
"big-five","41","Don't mind being the center of attention.","100","33","7"
"big-five","42","Feel others' emotions.","100","52","52"
"big-five","43","Follow a schedule.","100","2","0"
"big-five","44","Get irritated easily.","100","0","0"
"big-five","45","Spend time reflecting on things.","100","0","0"
"big-five","46","Am quiet around strangers.","100","0","0"
"big-five","47","Make people feel at ease.","100","0","0"
"big-five","48","Am exacting in my work.","100","0","0"
"big-five","49","Often feel blue.","100","76","76"
"big-five","50","Am full of ideas.","100","0","0"
"disc","1","I put people under pressure.","100","0","0"
"disc","2","I have a strong need for power.","100","0","0"
"disc","3","I try to outdo others.","100","0","0"
"disc","4","I am always on the look out for ways to make money.","100","30","30"
"disc","5","I enjoy being part of a loud crowd.","100","100","100"
"disc","6","I want strangers to love me.","100","0","0"
"disc","7","I joke around a lot.","100","0","0"
"disc","8","I make lots of noise.","100","34","34"
"disc","9","I hesitate to criticize other people's ideas.","100","3","0"
"disc","10","I value cooperation over competition.","100","0","0"
"disc","11","I just want everyone to be equal.","100","0","0"
"disc","12","I seldom toot my own horn.","100","0","0"
"disc","13","I am emotionally reserved.","100","0","0"
"disc","14","I read the fine print.","100","0","0"
"disc","15","I love order and regularity.","100","0","0"
"disc","16","My first reaction to an idea is to see its flaws.","100","86","0"
"enneagram","1","I am a perfectionist.","100","0","0"
"enneagram","2","I strive for efficiency.","100","0","0"
"enneagram","3","I often have to redo other people's work.","100","76","0"
"enneagram","4","I keep my belongings in order.","100","0","0"
"enneagram","5","My relationships with others are what my life is about.","100","2","2"
"enneagram","6","I have difficulty saying no.","100","29","0"
"enneagram","7","I get lots of satisfaction from helping others achieve their goals.","100","0","0"
"enneagram","8","I put family first.","100","100","100"
"enneagram","9","I put work first.","100","0","0"
"enneagram","10","I like to stand out.","100","0","0"
"enneagram","11","It is good to wake up to a full day of planned activities.","100","17","17"
"enneagram","12","Money is important to my happiness.","100","100","100"
"enneagram","13","I daydream about being in love.","100","100","100"
"enneagram","14","I really enjoy feeling bittersweet.","100","100","100"
"enneagram","15","I get deeply immersed in music.","100","100","100"
"enneagram","16","I side with the rebels over the establishment.","100","94","0"
"enneagram","17","I have a hard time showing emotions.","100","5","2"
"enneagram","18","I spend hours alone with my hobbies.","100","100","100"
"enneagram","19","I spend most of my time trying to understand things.","100","0","0"
"enneagram","20","I like mental challenges.","100","0","0"
"enneagram","21","Fear of being taken advantage of keeps me from being more trusting.","100","0","0"
"enneagram","22","I get input from others before I make a decision.","100","0","0"
"enneagram","23","I conform.","100","0","0"
"enneagram","24","I am loyal.","100","0","0"
"enneagram","25","I must always be having new experiences.","100","0","0"
"enneagram","26","I can keep a conversation going with anyone about anything.","100","0","0"
"enneagram","27","I am uninhibited.","100","0","0"
"enneagram","28","I always try to break the tension with a good joke.","100","0","0"
"enneagram","29","I naturally emerge as a leader.","100","90","0"
"enneagram","30","I like a conversation where no one agrees.","100","76","0"
"enneagram","31","I want people to tell me the truth, not spare my feelings.","100","0","0"
"enneagram","32","I come up with good solutions.","100","0","0"
"enneagram","33","When other people are arguing, I leave the room.","100","0","0"
"enneagram","34","I keep my thoughts to myself to prevent trouble.","100","55","0"
"enneagram","35","I am very accepting and flexible.","100","0","0"
"enneagram","36","I avoid confrontation.","100","0","0"
"attachment","1","I'm afraid that I will lose my partner's love.","100","0","0"
"attachment","2","I often worry that my partner will not want to stay with me.","100","0","0"
"attachment","3","I often worry that my partner doesn't really love me.","100","0","0"
"attachment","4","I worry that romantic partners won't care about me as much as I care about them.","100","0","0"
"attachment","5","I often wish that my partner's feelings for me were as strong as my feelings for them.","100","0","0"
"attachment","6","I worry a lot about my relationships.","100","0","0"
"attachment","7","When my partner is out of sight, I worry that they might become interested in someone else.","100","0","0"
"attachment","8","When I show my feelings for romantic partners, I'm afraid they will not feel the same about me.","100","0","0"
"attachment","9","I rarely worry about my partner leaving me.","100","0","0"
"attachment","10","My romantic partner makes me doubt myself.","100","36","0"
"attachment","11","I do not often worry about being abandoned.","100","0","0"
"attachment","12","I find that my partner(s) don't want to get as close as I would like.","100","1","1"
"attachment","13","Sometimes romantic partners change their feelings about me for no apparent reason.","100","100","37"
"attachment","14","My desire to be very close sometimes scares people away.","100","1","1"
"attachment","15","I'm afraid that once a romantic partner gets to know me, they won't like who I really am.","100","0","0"
"attachment","16","It makes me mad that I don't get the affection and support I need from my partner.","100","0","0"
"attachment","17","I worry that I won't measure up to other people.","100","0","0"
"attachment","18","My partner only seems to notice me when I'm angry.","100","33","32"
"attachment","19","I prefer not to show a partner how I feel deep down.","100","4","4"
"attachment","20","I feel comfortable sharing my private thoughts and feelings with my partner.","100","4","4"
"attachment","21","I find it difficult to allow myself to depend on romantic partners.","100","0","0"
"attachment","22","I am very comfortable being close to romantic partners.","100","0","0"
"attachment","23","I don't feel comfortable opening up to romantic partners.","100","0","0"
"attachment","24","I prefer not to be too close to romantic partners.","100","0","0"
"attachment","25","I get uncomfortable when a romantic partner wants to be very close.","100","0","0"
"attachment","26","I find it relatively easy to get close to my partner.","100","0","0"
"attachment","27","It's not difficult for me to get close to my partner.","100","0","0"
"attachment","28","I usually discuss my problems and concerns with my partner.","100","0","0"
"attachment","29","It helps to turn to my romantic partner in times of need.","100","0","0"
"attachment","30","I tell my partner just about everything.","100","2","0"
"attachment","31","I talk things over with my partner.","100","0","0"
"attachment","32","I am nervous when partners get too close to me.","100","0","0"
"attachment","33","I feel comfortable depending on romantic partners.","100","0","0"
"attachment","34","I find it easy to depend on romantic partners.","100","0","0"
"attachment","35","It's easy for me to be affectionate with my partner.","100","0","0"
"attachment","36","My partner really understands me and my needs.","100","100","5"
